{
    "blue cube": {
        "position": [
            0.5984794707321411,
            -0.2014804878741173,
            0.05
        ],
        "confidence": 0.008083087392151356
    },
    "red cube": {
        "position": [
            0.5999672536865144,
            0.20046834357680757,
            0.05
        ],
        "confidence": 0.008697913028299809
    }
}