{
    "blue cube": {
        "position": [
            0.5995218281967405,
            -0.20194540408182982,
            0.05
        ],
        "confidence": 0.00284442282281816
    },
    "red cube": {
        "position": [
            0.604755175370249,
            0.2054025861417388,
            0.05
        ],
        "confidence": 0.004431700799614191
    }
}